variable,beta1,beta0
estimate,-19.686638016410928,-6331.94184883066
std.err,514.4828750237235,17.187065620802056
