variable,beta1,beta0,ratio
estimate,-0.016653817688320187,-39.119525777476575,0.05534311207647974
std.err,3.974569326041377e-6,43.83361399757753,0.06201742897932864
